{"current":{"logo":"shopify:\/\/shop_images\/logo.png","logo_width":100,"favicon":"shopify:\/\/shop_images\/1124_6.png","type_header_font":"righteous_n4","heading_scale":125,"type_body_font":"anonymous_pro_n7","body_scale":105,"page_width":1400,"spacing_sections":0,"spacing_grid_horizontal":24,"spacing_grid_vertical":24,"animations_reveal_on_scroll":true,"animations_hover_elements":"3d-lift","buttons_border_thickness":1,"buttons_border_opacity":100,"buttons_radius":0,"buttons_shadow_opacity":0,"buttons_shadow_horizontal_offset":0,"buttons_shadow_vertical_offset":4,"buttons_shadow_blur":5,"variant_pills_border_thickness":1,"variant_pills_border_opacity":55,"variant_pills_radius":40,"variant_pills_shadow_opacity":0,"variant_pills_shadow_horizontal_offset":0,"variant_pills_shadow_vertical_offset":4,"variant_pills_shadow_blur":5,"inputs_border_thickness":1,"inputs_border_opacity":55,"inputs_radius":0,"inputs_shadow_opacity":0,"inputs_shadow_horizontal_offset":0,"inputs_shadow_vertical_offset":4,"inputs_shadow_blur":5,"card_style":"standard","card_image_padding":0,"card_text_alignment":"center","card_color_scheme":"background-1","card_border_thickness":0,"card_border_opacity":10,"card_corner_radius":0,"card_shadow_opacity":0,"card_shadow_horizontal_offset":0,"card_shadow_vertical_offset":4,"card_shadow_blur":5,"collection_card_style":"standard","collection_card_image_padding":0,"collection_card_text_alignment":"center","collection_card_color_scheme":"background-1","collection_card_border_thickness":0,"collection_card_border_opacity":10,"collection_card_corner_radius":0,"collection_card_shadow_opacity":0,"collection_card_shadow_horizontal_offset":0,"collection_card_shadow_vertical_offset":4,"collection_card_shadow_blur":5,"blog_card_style":"standard","blog_card_image_padding":0,"blog_card_text_alignment":"center","blog_card_color_scheme":"background-1","blog_card_border_thickness":0,"blog_card_border_opacity":10,"blog_card_corner_radius":0,"blog_card_shadow_opacity":0,"blog_card_shadow_horizontal_offset":0,"blog_card_shadow_vertical_offset":4,"blog_card_shadow_blur":5,"text_boxes_border_thickness":2,"text_boxes_border_opacity":100,"text_boxes_radius":0,"text_boxes_shadow_opacity":0,"text_boxes_shadow_horizontal_offset":0,"text_boxes_shadow_vertical_offset":4,"text_boxes_shadow_blur":5,"media_border_thickness":2,"media_border_opacity":100,"media_radius":0,"media_shadow_opacity":0,"media_shadow_horizontal_offset":0,"media_shadow_vertical_offset":4,"media_shadow_blur":5,"popup_border_thickness":2,"popup_border_opacity":100,"popup_corner_radius":0,"popup_shadow_opacity":5,"popup_shadow_horizontal_offset":0,"popup_shadow_vertical_offset":4,"popup_shadow_blur":5,"drawer_border_thickness":2,"drawer_border_opacity":100,"drawer_shadow_opacity":0,"drawer_shadow_horizontal_offset":0,"drawer_shadow_vertical_offset":4,"drawer_shadow_blur":5,"badge_position":"bottom right","badge_corner_radius":40,"sale_badge_color_scheme":"accent-1","sold_out_badge_color_scheme":"accent-1","brand_headline":"","brand_description":"<p><\/p>","brand_image_width":100,"social_facebook_link":"","social_instagram_link":"https:\/\/www.instagram.com\/1.two4\/","social_youtube_link":"","social_tiktok_link":"","social_twitter_link":"","social_snapchat_link":"","social_pinterest_link":"","social_tumblr_link":"","social_vimeo_link":"","predictive_search_enabled":true,"predictive_search_show_vendor":false,"predictive_search_show_price":false,"currency_code_enabled":true,"cart_type":"notification","show_vendor":false,"show_cart_note":false,"cart_drawer_collection":"","cart_color_scheme":"background-1","checkout_logo_image":"shopify:\/\/shop_images\/1124_6_0df69fe5-c938-4006-b988-7c7b3a52f7e8.png","checkout_logo_position":"left","checkout_logo_size":"medium","checkout_body_background_color":"#000000","checkout_accent_color":"#f8f0e3","checkout_button_color":"#240952","sections":{"main-password-header":{"type":"main-password-header","settings":{"color_scheme":"accent-1"}},"main-password-footer":{"type":"main-password-footer","settings":{"color_scheme":"background-1"}}},"content_for_index":[],"blocks":{"3127803799193547933":{"type":"shopify:\/\/apps\/kaching-custom-cursor\/blocks\/app-embed-block\/8e414c2f-e094-4ca5-85c3-6c0df939a019","disabled":false,"settings":{}},"12657775114333427046":{"type":"shopify:\/\/apps\/essential-countdown\/blocks\/app_embed\/722378e8-5a70-4eae-aa89-9e44e8e9f6de","disabled":false,"settings":{}},"13951170544780599758":{"type":"shopify:\/\/apps\/tapita-seo-speed\/blocks\/app-embed\/cd37ca7a-40ad-4fdc-afd3-768701482209","disabled":false,"settings":{"tpt_seo_block":"{}"}},"8970570646067211390":{"type":"shopify:\/\/apps\/chatway-live-chat-helpdesk\/blocks\/chatway\/b98feb50-a1d2-42c7-be3b-c24d75144246","disabled":false,"settings":{}}},"color_schemes":{"background-1":{"settings":{"background":"#fcfcfc","background_gradient":"","text":"#020912","button":"#020912","button_label":"#fcfcfc","secondary_button_label":"#020912","shadow":"#020912"}},"background-2":{"settings":{"background":"#78038c","background_gradient":"","text":"#020912","button":"#020912","button_label":"#e4f6ff","secondary_button_label":"#020912","shadow":"#020912"}},"inverse":{"settings":{"background":"#f8f0e3","background_gradient":"","text":"#000000","button":"#000000","button_label":"#dbe9e0","secondary_button_label":"#020912","shadow":"#020912"}},"accent-1":{"settings":{"background":"#000000","background_gradient":"","text":"#fcfcfc","button":"#fcfcfc","button_label":"#020912","secondary_button_label":"#fcfcfc","shadow":"#020912"}},"accent-2":{"settings":{"background":"#240952","background_gradient":"","text":"#faf6f0","button":"#f5f5f5","button_label":"#020912","secondary_button_label":"#020912","shadow":"#020912"}},"scheme-177718d2-19e0-418e-a80f-6b296a23c98b":{"settings":{"background":"#f4eae0","background_gradient":"","text":"#020912","button":"#020912","button_label":"#fcfcfc","secondary_button_label":"#020912","shadow":"#020912"}},"scheme-daf4764f-6e47-43a7-bf31-8379d6f6831a":{"settings":{"background":"#faf6f0","background_gradient":"","text":"#020912","button":"#020912","button_label":"#fcfcfc","secondary_button_label":"#020912","shadow":"#020912"}},"scheme-e11e0ef5-c1a3-40d2-b0b9-8fb1322134fc":{"settings":{"background":"#301934","background_gradient":"","text":"#f5f5f5","button":"#f5f5f5","button_label":"#020912","secondary_button_label":"#020912","shadow":"#020912"}}}},"presets":{"Default":{"logo_width":100,"color_schemes":{"background-1":{"settings":{"background":"#fcfcfc","background_gradient":"","text":"#020912","button":"#020912","button_label":"#fcfcfc","secondary_button_label":"#020912","shadow":"#020912"}},"background-2":{"settings":{"background":"#e4f6ff","background_gradient":"","text":"#020912","button":"#020912","button_label":"#e4f6ff","secondary_button_label":"#020912","shadow":"#020912"}},"inverse":{"settings":{"background":"#DBE9E0","background_gradient":"","text":"#020912","button":"#020912","button_label":"#DBE9E0","secondary_button_label":"#020912","shadow":"#020912"}},"accent-1":{"settings":{"background":"#020912","background_gradient":"","text":"#fcfcfc","button":"#fcfcfc","button_label":"#020912","secondary_button_label":"#fcfcfc","shadow":"#020912"}},"accent-2":{"settings":{"background":"#FFDFB8","background_gradient":"","text":"#020912","button":"#020912","button_label":"#FFDFB8","secondary_button_label":"#020912","shadow":"#020912"}}},"type_header_font":"avenir_next_n5","heading_scale":125,"type_body_font":"anonymous_pro_n4","body_scale":105,"page_width":1400,"spacing_sections":20,"spacing_grid_horizontal":24,"spacing_grid_vertical":24,"animations_reveal_on_scroll":true,"animations_hover_elements":"none","buttons_border_thickness":1,"buttons_border_opacity":100,"buttons_radius":0,"buttons_shadow_opacity":0,"buttons_shadow_horizontal_offset":0,"buttons_shadow_vertical_offset":4,"buttons_shadow_blur":5,"variant_pills_border_thickness":1,"variant_pills_border_opacity":55,"variant_pills_radius":40,"variant_pills_shadow_opacity":0,"variant_pills_shadow_horizontal_offset":0,"variant_pills_shadow_vertical_offset":4,"variant_pills_shadow_blur":5,"inputs_border_thickness":1,"inputs_border_opacity":55,"inputs_radius":0,"inputs_shadow_opacity":0,"inputs_shadow_horizontal_offset":0,"inputs_shadow_vertical_offset":4,"inputs_shadow_blur":5,"card_style":"standard","card_image_padding":0,"card_text_alignment":"center","card_color_scheme":"background-1","card_border_thickness":0,"card_border_opacity":10,"card_corner_radius":0,"card_shadow_opacity":0,"card_shadow_horizontal_offset":0,"card_shadow_vertical_offset":4,"card_shadow_blur":5,"collection_card_style":"standard","collection_card_image_padding":0,"collection_card_text_alignment":"center","collection_card_color_scheme":"background-1","collection_card_border_thickness":0,"collection_card_border_opacity":10,"collection_card_corner_radius":0,"collection_card_shadow_opacity":0,"collection_card_shadow_horizontal_offset":0,"collection_card_shadow_vertical_offset":4,"collection_card_shadow_blur":5,"blog_card_style":"standard","blog_card_image_padding":0,"blog_card_text_alignment":"center","blog_card_color_scheme":"background-1","blog_card_border_thickness":0,"blog_card_border_opacity":10,"blog_card_corner_radius":0,"blog_card_shadow_opacity":0,"blog_card_shadow_horizontal_offset":0,"blog_card_shadow_vertical_offset":4,"blog_card_shadow_blur":5,"text_boxes_border_thickness":2,"text_boxes_border_opacity":100,"text_boxes_radius":0,"text_boxes_shadow_opacity":0,"text_boxes_shadow_horizontal_offset":0,"text_boxes_shadow_vertical_offset":4,"text_boxes_shadow_blur":5,"media_border_thickness":2,"media_border_opacity":100,"media_radius":0,"media_shadow_opacity":0,"media_shadow_horizontal_offset":0,"media_shadow_vertical_offset":4,"media_shadow_blur":5,"popup_border_thickness":2,"popup_border_opacity":100,"popup_corner_radius":0,"popup_shadow_opacity":5,"popup_shadow_horizontal_offset":0,"popup_shadow_vertical_offset":4,"popup_shadow_blur":5,"drawer_border_thickness":2,"drawer_border_opacity":100,"drawer_shadow_opacity":0,"drawer_shadow_horizontal_offset":0,"drawer_shadow_vertical_offset":4,"drawer_shadow_blur":5,"badge_position":"bottom right","badge_corner_radius":40,"sale_badge_color_scheme":"accent-1","sold_out_badge_color_scheme":"accent-1","brand_headline":"","brand_description":"<p><\/p>","brand_image_width":100,"social_twitter_link":"","social_facebook_link":"","social_pinterest_link":"","social_instagram_link":"","social_tiktok_link":"","social_tumblr_link":"","social_snapchat_link":"","social_youtube_link":"","social_vimeo_link":"","predictive_search_enabled":true,"predictive_search_show_vendor":false,"predictive_search_show_price":false,"currency_code_enabled":true,"cart_type":"notification","show_vendor":false,"show_cart_note":false,"cart_drawer_collection":"","cart_color_scheme":"background-1","sections":{"main-password-header":{"type":"main-password-header","settings":{"color_scheme":"background-1"}},"main-password-footer":{"type":"main-password-footer","settings":{"color_scheme":"background-1"}}}}}}