{"name":"t:sections.footer.name","type":"footer","sections":{"footer":{"type":"footer","blocks":{"a0ffbc53-930b-4d56-86f5-9004b7943042":{"type":"text","settings":{"heading":"1\/1\/24 - Since 1\/1\/24","subtext":"<p>Thank you for visiting our website! The convinient one stop store to find fun and unique products, we hope you like what we list here! :D<\/p><h2><strong>By the students of the Sunbeams School of Dhaka, batch of grade 6<\/strong><\/h2><h2><\/h2><h6>A Gevox Project <a href=\"https:\/\/gevox.xyz\/\" target=\"_blank\" title=\"website here\">https:\/\/gevox.xyz\/<\/a><\/h6><h6>Designed by Ayaan Eusufzai<br\/><br\/><\/h6>"}}},"block_order":["a0ffbc53-930b-4d56-86f5-9004b7943042"],"settings":{"color_scheme":"accent-1","newsletter_enable":false,"newsletter_heading":"Subscribe to our emails","enable_follow_on_shop":true,"show_social":true,"enable_country_selector":true,"enable_language_selector":true,"payment_enable":true,"show_policy":false,"margin_top":0,"padding_top":32,"padding_bottom":32}}},"order":["footer"]}