{"name":"t:sections.header.name","type":"header","sections":{"announcement-bar":{"type":"announcement-bar","blocks":{"edd1bc33-b20f-4a67-a29d-614907c482a8":{"type":"announcement","settings":{"text":"WELCOME TO OUR LAUNCH!","link":""}},"3704cd1b-f7d6-4ebb-ab37-3474aac078ea":{"type":"announcement","settings":{"text":"NEW YEARS SALE!","link":""}},"557e856b-2402-4dc0-a3b0-1bf8567ed4da":{"type":"announcement","settings":{"text":"Sunbeams students have special perks, contact us for more info!","link":""}},"f8029896-dd70-40d4-9fa8-9237951e9845":{"type":"announcement","settings":{"text":"The one stop shop for unique products! Enjoy! :D","link":""}}},"block_order":["edd1bc33-b20f-4a67-a29d-614907c482a8","3704cd1b-f7d6-4ebb-ab37-3474aac078ea","557e856b-2402-4dc0-a3b0-1bf8567ed4da","f8029896-dd70-40d4-9fa8-9237951e9845"],"settings":{"color_scheme":"accent-1","show_line_separator":true,"show_social":false,"auto_rotate":true,"change_slides_speed":5,"enable_country_selector":false,"enable_language_selector":false}},"header":{"type":"header","settings":{"logo_position":"middle-center","menu":"main-menu","menu_type_desktop":"drawer","sticky_header_type":"none","show_line_separator":true,"color_scheme":"accent-1","menu_color_scheme":"background-1","enable_country_selector":true,"enable_language_selector":true,"mobile_logo_position":"center","margin_bottom":0,"padding_top":4,"padding_bottom":4}}},"order":["announcement-bar","header"]}