{"sections":{"cart-items":{"type":"main-cart-items","settings":{"color_scheme":"accent-1","padding_top":32,"padding_bottom":32}},"cart-footer":{"type":"main-cart-footer","blocks":{"subtotal":{"type":"subtotal","settings":{}},"buttons":{"type":"buttons","settings":{}}},"block_order":["subtotal","buttons"],"settings":{"color_scheme":"background-1","padding_top":20,"padding_bottom":40}},"89f1a340-0daa-4186-9c95-72175dbde316":{"type":"featured-collection","settings":{"title":"Featured Products ↓","heading_size":"h1","description":"","show_description":false,"description_style":"body","collection":"frontpage","products_to_show":4,"columns_desktop":4,"full_width":false,"show_view_all":true,"view_all_style":"solid","enable_desktop_slider":false,"color_scheme":"","image_ratio":"adapt","image_shape":"default","show_secondary_image":false,"show_vendor":false,"show_rating":false,"enable_quick_add":false,"columns_mobile":"2","swipe_on_mobile":false,"padding_top":36,"padding_bottom":36}}},"order":["cart-items","cart-footer","89f1a340-0daa-4186-9c95-72175dbde316"]}