{"sections":{"banner":{"type":"main-collection-banner","settings":{"show_collection_description":true,"show_collection_image":false,"color_scheme":"accent-2"}},"product-grid":{"type":"main-collection-product-grid","settings":{"products_per_page":16,"columns_desktop":3,"color_scheme":"scheme-daf4764f-6e47-43a7-bf31-8379d6f6831a","image_ratio":"square","image_shape":"default","show_secondary_image":true,"show_vendor":false,"show_rating":false,"enable_quick_add":false,"enable_filtering":true,"filter_type":"horizontal","enable_sorting":true,"columns_mobile":"2","padding_top":8,"padding_bottom":24}},"67b4597c-81d9-41b4-8628-5cf8ff41c512":{"type":"collection-list","blocks":{"template--21799445889328__67b4597c-81d9-41b4-8628-5cf8ff41c512-featured_collection-2":{"type":"featured_collection","settings":{"collection":"just-fun-stuff"}},"template--21799445889328__67b4597c-81d9-41b4-8628-5cf8ff41c512-featured_collection-1":{"type":"featured_collection","settings":{"collection":"bags"}},"template--21799445889328__67b4597c-81d9-41b4-8628-5cf8ff41c512-featured_collection-3":{"type":"featured_collection","settings":{"collection":"staff-picks"}}},"block_order":["template--21799445889328__67b4597c-81d9-41b4-8628-5cf8ff41c512-featured_collection-2","template--21799445889328__67b4597c-81d9-41b4-8628-5cf8ff41c512-featured_collection-1","template--21799445889328__67b4597c-81d9-41b4-8628-5cf8ff41c512-featured_collection-3"],"settings":{"title":"<strong>Collections<\/strong>","heading_size":"h1","image_ratio":"square","columns_desktop":3,"color_scheme":"","show_view_all":false,"columns_mobile":"1","swipe_on_mobile":false,"padding_top":36,"padding_bottom":36}}},"order":["banner","product-grid","67b4597c-81d9-41b4-8628-5cf8ff41c512"]}