{"sections":{"image-with-text":{"type":"image-with-text","blocks":{"heading":{"type":"heading","settings":{"heading":"<strong>Launch day<\/strong>","heading_size":"h1"}},"button":{"type":"button","settings":{"button_label":"Shop all","button_link":"shopify:\/\/collections\/all","button_style_secondary":false}}},"block_order":["heading","button"],"settings":{"image":"shopify:\/\/shop_images\/Screenshot_3056.png","height":"small","desktop_image_width":"medium","layout":"image_first","desktop_content_position":"middle","desktop_content_alignment":"center","content_layout":"no-overlap","section_color_scheme":"background-2","color_scheme":"background-1","image_behavior":"none","mobile_content_alignment":"center","padding_top":52,"padding_bottom":52}},"featured_collection":{"type":"featured-collection","settings":{"title":"<strong>Featured products <\/strong>↓","heading_size":"h1","description":"","show_description":false,"description_style":"body","collection":"frontpage","products_to_show":4,"columns_desktop":4,"full_width":false,"show_view_all":true,"view_all_style":"solid","enable_desktop_slider":false,"color_scheme":"accent-1","image_ratio":"square","image_shape":"default","show_secondary_image":true,"show_vendor":false,"show_rating":false,"enable_quick_add":false,"columns_mobile":"2","swipe_on_mobile":false,"padding_top":32,"padding_bottom":44}},"69691432-c666-4bf2-912c-21c12afe0760":{"type":"featured-product","blocks":{"template--21799445922096__69691432-c666-4bf2-912c-21c12afe0760-text-1":{"type":"text","settings":{"text":"{{ section.settings.product.vendor }}","text_style":"uppercase"}},"template--21799445922096__69691432-c666-4bf2-912c-21c12afe0760-title-1":{"type":"title","settings":{"heading_size":"h1"}},"template--21799445922096__69691432-c666-4bf2-912c-21c12afe0760-price-1":{"type":"price","settings":{}},"template--21799445922096__69691432-c666-4bf2-912c-21c12afe0760-variant_picker-1":{"type":"variant_picker","settings":{"picker_type":"button"}},"template--21799445922096__69691432-c666-4bf2-912c-21c12afe0760-quantity_selector-1":{"type":"quantity_selector","settings":{}},"template--21799445922096__69691432-c666-4bf2-912c-21c12afe0760-buy_buttons-1":{"type":"buy_buttons","settings":{"show_dynamic_checkout":true,"show_gift_card_recipient":true}},"template--21799445922096__69691432-c666-4bf2-912c-21c12afe0760-share-1":{"type":"share","settings":{"share_label":"Share"}}},"block_order":["template--21799445922096__69691432-c666-4bf2-912c-21c12afe0760-text-1","template--21799445922096__69691432-c666-4bf2-912c-21c12afe0760-title-1","template--21799445922096__69691432-c666-4bf2-912c-21c12afe0760-price-1","template--21799445922096__69691432-c666-4bf2-912c-21c12afe0760-variant_picker-1","template--21799445922096__69691432-c666-4bf2-912c-21c12afe0760-quantity_selector-1","template--21799445922096__69691432-c666-4bf2-912c-21c12afe0760-buy_buttons-1","template--21799445922096__69691432-c666-4bf2-912c-21c12afe0760-share-1"],"settings":{"product":"stop-motion-decor™","color_scheme":"scheme-177718d2-19e0-418e-a80f-6b296a23c98b","secondary_background":false,"media_size":"medium","constrain_to_viewport":true,"media_fit":"contain","media_position":"left","image_zoom":"lightbox","hide_variants":false,"enable_video_looping":false,"padding_top":28,"padding_bottom":16}},"70c696a4-e03d-4eb6-a563-74c3f1b407c5":{"type":"featured-collection","settings":{"title":"Bags","heading_size":"h1","description":"","show_description":false,"description_style":"body","collection":"bags","products_to_show":4,"columns_desktop":4,"full_width":false,"show_view_all":true,"view_all_style":"solid","enable_desktop_slider":false,"color_scheme":"scheme-e11e0ef5-c1a3-40d2-b0b9-8fb1322134fc","image_ratio":"square","image_shape":"blob","show_secondary_image":true,"show_vendor":false,"show_rating":false,"enable_quick_add":false,"columns_mobile":"2","swipe_on_mobile":true,"padding_top":36,"padding_bottom":36}},"b3c2550c-749e-43a3-bf7d-3c802e4dddbd":{"type":"featured-collection","settings":{"title":"Pens","heading_size":"h1","description":"","show_description":false,"description_style":"body","collection":"staff-picks","products_to_show":4,"columns_desktop":4,"full_width":false,"show_view_all":true,"view_all_style":"solid","enable_desktop_slider":false,"color_scheme":"accent-2","image_ratio":"square","image_shape":"blob","show_secondary_image":true,"show_vendor":false,"show_rating":false,"enable_quick_add":false,"columns_mobile":"2","swipe_on_mobile":false,"padding_top":36,"padding_bottom":36}},"d6c8785a-454d-413c-80ab-9e44484ef651":{"type":"collection-list","blocks":{"template--21799445922096__d6c8785a-454d-413c-80ab-9e44484ef651-featured_collection-2":{"type":"featured_collection","settings":{"collection":"just-fun-stuff"}},"template--21799445922096__d6c8785a-454d-413c-80ab-9e44484ef651-featured_collection-1":{"type":"featured_collection","settings":{"collection":"bags"}},"template--21799445922096__d6c8785a-454d-413c-80ab-9e44484ef651-featured_collection-3":{"type":"featured_collection","settings":{"collection":"staff-picks"}}},"block_order":["template--21799445922096__d6c8785a-454d-413c-80ab-9e44484ef651-featured_collection-2","template--21799445922096__d6c8785a-454d-413c-80ab-9e44484ef651-featured_collection-1","template--21799445922096__d6c8785a-454d-413c-80ab-9e44484ef651-featured_collection-3"],"settings":{"title":"Collections","heading_size":"h1","image_ratio":"square","columns_desktop":3,"color_scheme":"scheme-daf4764f-6e47-43a7-bf31-8379d6f6831a","show_view_all":true,"columns_mobile":"1","swipe_on_mobile":false,"padding_top":36,"padding_bottom":36}},"3b240057-ba4a-4e60-a1a7-7a01061695a9":{"type":"ss-grid-pro","blocks":{"template--21799445922096__3b240057-ba4a-4e60-a1a7-7a01061695a9-item-1":{"type":"item","settings":{"column_width":3,"row_width":3,"bg_type":"image","image":"shopify:\/\/shop_images\/sr24dd8f754b3f4.gif","video_url":"https:\/\/www.youtube.com\/watch?v=_9VUPq3SxOc","media_row":false,"align_content":"end","align_content_mobile":"end","url":"shopify:\/\/collections\/all","sub_heading":"","heading":"All Products","title_size":36,"title_size_mobile":24,"block_bg_color":"#f3f3f3","block_border_color":"#000000","override_colors":false,"block_text_color":"#ffffff","remove_overlay":false}},"template--21799445922096__3b240057-ba4a-4e60-a1a7-7a01061695a9-item-2":{"type":"item","settings":{"column_width":1,"row_width":3,"bg_type":"image","image":"shopify:\/\/shop_images\/sr2eda1516c472d.gif","video_url":"","media_row":false,"align_content":"end","align_content_mobile":"end","url":"shopify:\/\/collections\/plushies","sub_heading":"","heading":"Plushies","title_size":24,"title_size_mobile":24,"block_bg_color":"#f3f3f3","block_border_color":"#000000","override_colors":false,"block_text_color":"#ffffff","remove_overlay":false}},"template--21799445922096__3b240057-ba4a-4e60-a1a7-7a01061695a9-item-3":{"type":"item","settings":{"column_width":4,"row_width":2,"bg_type":"image","image":"shopify:\/\/shop_images\/E565CFA3-EB26-450D-A62A-B6D95CABCCD1.gif","video_url":"","media_row":true,"align_content":"center","align_content_mobile":"start","url":"shopify:\/\/collections\/just-fun-stuff","sub_heading":"","heading":"Just Fun Stuff","title_size":44,"title_size_mobile":44,"block_bg_color":"#52095f","block_border_color":"#000000","override_colors":false,"block_text_color":"#ffffff","remove_overlay":false}},"template--21799445922096__3b240057-ba4a-4e60-a1a7-7a01061695a9-item-4":{"type":"item","settings":{"column_width":2,"row_width":2,"bg_type":"image","image":"shopify:\/\/shop_images\/8b90266d-b6d3-4c2e-998b-c63d1a2d3a0f185128.png","video_url":"https:\/\/www.youtube.com\/watch?v=_9VUPq3SxOc","media_row":false,"align_content":"end","align_content_mobile":"end","url":"shopify:\/\/products\/table-rc-car","sub_heading":"","heading":"Table RC Car","title_size":36,"title_size_mobile":24,"block_bg_color":"#f3f3f3","block_border_color":"#000000","override_colors":true,"block_text_color":"#000000","remove_overlay":false}},"template--21799445922096__3b240057-ba4a-4e60-a1a7-7a01061695a9-item-5":{"type":"item","settings":{"column_width":2,"row_width":2,"bg_type":"image","image":"shopify:\/\/shop_images\/sr23400325ec3aws3_9ed49d12-eeb0-4795-8bfa-e8ad4493950e.webp","video_url":"","media_row":false,"align_content":"end","align_content_mobile":"end","url":"shopify:\/\/collections\/frontpage","sub_heading":"","heading":"Staff Picks","title_size":36,"title_size_mobile":24,"block_bg_color":"#f3f3f3","block_border_color":"#000000","override_colors":true,"block_text_color":"#f5f5f5","remove_overlay":false}}},"block_order":["template--21799445922096__3b240057-ba4a-4e60-a1a7-7a01061695a9-item-1","template--21799445922096__3b240057-ba4a-4e60-a1a7-7a01061695a9-item-2","template--21799445922096__3b240057-ba4a-4e60-a1a7-7a01061695a9-item-3","template--21799445922096__3b240057-ba4a-4e60-a1a7-7a01061695a9-item-4","template--21799445922096__3b240057-ba4a-4e60-a1a7-7a01061695a9-item-5"],"settings":{"heading":"<p><strong>Explore<\/strong><\/p>","heading_custom":true,"heading_font":"righteous_n4","heading_size":54,"heading_size_mobile":48,"heading_height":150,"heading_align":"left","heading_align_mobile":"left","items_gap":20,"items_gap_mobile":20,"items_mt":16,"row_height":150,"row_height_mobile":200,"block_padding_vertical":14,"block_padding_vertical_mobile":20,"block_padding_horizontal":16,"block_padding_horizontal_mobile":16,"block_radius":8,"block_border_thickness":0,"block_overlay":0.2,"title_custom":false,"title_font":"righteous_n4","title_height":130,"title_mt":4,"text_custom":false,"text_font":"righteous_n4","text_size":16,"text_size_mobile":16,"text_height":130,"arrow_size_mobile":48,"arrow_size":48,"action_size_mobile":60,"action_size":60,"title_color":"#ffffff","text_color":"#ffffff","arrow_color":"#ffffff","action_bg_color":"#ffffff","action_arrow_color":"#000000","heading_color":"#f5f5f5","background_color":"#000000","background_gradient":"","border_color":"#020912","margin_top":0,"margin_bottom":0,"padding_top":16,"padding_bottom":20,"padding_horizontal":5,"padding_horizontal_mobile":1.5,"full_width":false,"content_width":160,"border_thickness":0,"lazy":true}}},"order":["image-with-text","featured_collection","69691432-c666-4bf2-912c-21c12afe0760","70c696a4-e03d-4eb6-a563-74c3f1b407c5","b3c2550c-749e-43a3-bf7d-3c802e4dddbd","d6c8785a-454d-413c-80ab-9e44484ef651","3b240057-ba4a-4e60-a1a7-7a01061695a9"]}