{"sections":{"main":{"type":"main-page","custom_css":[],"settings":{"padding_top":20,"padding_bottom":0}},"6c3434a5-b104-4ca7-9df7-e77a58ff1df3":{"type":"collection-list","blocks":{"template--21799446020400__6c3434a5-b104-4ca7-9df7-e77a58ff1df3-featured_collection-1":{"type":"featured_collection","settings":{"collection":"just-fun-stuff"}},"template--21799446020400__6c3434a5-b104-4ca7-9df7-e77a58ff1df3-featured_collection-2":{"type":"featured_collection","settings":{"collection":"frontpage"}},"template--21799446020400__6c3434a5-b104-4ca7-9df7-e77a58ff1df3-featured_collection-3":{"type":"featured_collection","settings":{"collection":"staff-picks"}},"f26b89e8-c337-4166-a672-3a920b54cb7f":{"type":"featured_collection","settings":{"collection":"bags"}}},"block_order":["template--21799446020400__6c3434a5-b104-4ca7-9df7-e77a58ff1df3-featured_collection-1","template--21799446020400__6c3434a5-b104-4ca7-9df7-e77a58ff1df3-featured_collection-2","template--21799446020400__6c3434a5-b104-4ca7-9df7-e77a58ff1df3-featured_collection-3","f26b89e8-c337-4166-a672-3a920b54cb7f"],"settings":{"title":"","heading_size":"h1","image_ratio":"square","columns_desktop":3,"color_scheme":"","show_view_all":false,"columns_mobile":"1","swipe_on_mobile":false,"padding_top":36,"padding_bottom":36}}},"order":["main","6c3434a5-b104-4ca7-9df7-e77a58ff1df3"]}