{"sections":{"main":{"type":"main-page","settings":{"padding_top":20,"padding_bottom":0}},"form":{"type":"contact-form","settings":{"heading":"","heading_size":"h1","color_scheme":"background-1","padding_top":0,"padding_bottom":36}},"375031ed-cf57-4169-9a03-d53a006eb971":{"type":"rich-text","blocks":{"template--21799445987632__375031ed-cf57-4169-9a03-d53a006eb971-heading-1":{"type":"heading","settings":{"heading":"FAQ","heading_size":"h1"}},"template--21799445987632__375031ed-cf57-4169-9a03-d53a006eb971-text-1":{"type":"text","settings":{"text":"<h4><strong>How can I track my order?<\/strong><br\/>Answer: You can contact us with the form above to get your tracking number if available with that order.<br\/><br\/><strong>What does free shipping mean in this store?<\/strong><br\/>Answer: Free shipping means we are paying the shipping costs for you, we don't ship our products directly from us. If you want faster shipping you can contact us with the form above. But you should send the email as soon as possible before we process the order. Remember that it will cost you extra.<br\/><br\/><strong>Are refunds allowed on this store?<\/strong><br\/>Answer: Because of our small staff team and the orders we manage, refunds are typically not allowed on this store, but if an order gets cancelled by us or any type of mistake is made, we will give you your money back.<br\/><br\/><strong>Do you ship internationally?<\/strong><br\/>Answer: Yes, we do ship internationally.<br\/><br\/><strong>Why does shipping take so long?<\/strong><br\/>Answer: The shipping time depends on the product the customer is buying, we use many types of shipping services. You can request for express shipping by contacting us. Shipping time can typically vary from 10 days to 2 months. As we grow and change the shipping time will become better and better.<br\/><\/h4>"}}},"block_order":["template--21799445987632__375031ed-cf57-4169-9a03-d53a006eb971-heading-1","template--21799445987632__375031ed-cf57-4169-9a03-d53a006eb971-text-1"],"settings":{"desktop_content_position":"center","content_alignment":"center","color_scheme":"accent-1","full_width":true,"padding_top":40,"padding_bottom":52}}},"order":["main","form","375031ed-cf57-4169-9a03-d53a006eb971"]}