{"layout":"password","sections":{"main":{"type":"email-signup-banner","blocks":{"heading":{"type":"heading","settings":{"heading":"Opening soon","heading_size":"h0"}},"paragraph":{"type":"paragraph","settings":{"text":"<p>Be the first to know when we launch.<br\/><strong>(It's quite obvious)<\/strong><\/p>","text_style":"body"}},"email_form":{"type":"email_form","settings":{}}},"block_order":["heading","paragraph","email_form"],"settings":{"image":"shopify:\/\/shop_images\/sr2fbef0236fdaws3.webp","image_overlay_opacity":0,"show_background_image":true,"image_height":"medium","desktop_content_position":"middle-center","show_text_box":true,"desktop_content_alignment":"center","color_scheme":"inverse","mobile_content_alignment":"center","show_text_below":true}}},"order":["main"]}